{
  "Precision Time Stamp": 1245257585099653,
  "UAS Datalink LS Version Number": 1,
  "Platform Heading Angle": 86.10666056305791,
  "Platform Pitch Angle": 3.359477523117775,
  "Platform Roll Angle": 0.5157628101443521,
  "Image Source Sensor": "EON",
  "Image Coordinate System": "Geodetic WGS84",
  "Sensor Latitude": 54.68132328460055,
  "Sensor Longitude": -110.1685597701783,
  "Sensor True Altitude": 1532.272831311513,
  "Sensor Horizontal Field of View": 0.36530098420691237,
  "Sensor Vertical Field of View": 0.2059967956054017,
  "Sensor Relative Azimuth Angle": 46.10314941175821,
  "Sensor Relative Elevation Angle": -4.41094972398642,
  "Sensor Relative Roll Angle": 358.2026063087868,
  "Slant Range": 10928.624544974562,
  "Target Width": 0,
  "Frame Center Latitude": 54.74912345164881,
  "Frame Center Longitude": -110.0466381153309,
  "Frame Center Elevation": -4.52277409018086,
  "Target Location Latitude": 54.74912345164881,
  "Target Location Longitude": -110.0466381153309,
  "Target Location Elevation": -4.52277409018086,
  "Platform Ground Speed": 46,
  "Ground Range": 10820.674945325747,
  "Checksum": 7263
}